<?xml version="1.0" encoding="UTF-8"?>
<!DOCTYPE mapper
    PUBLIC "-//mybatis.org//DTD Mapper 3.0//EN"
    "http://mybatis.org/dtd/mybatis-3-mapper.dtd">
  
    <mapper namespace="com.how2java.springboot.mapper.AccountMapper">
        <insert id="add" keyProperty="id" useGeneratedKeys="true" parameterType="Account" >
            insert into account ( name,password,starttime,endtime,admin) values (#{name},#{password},#{starttime},#{endtime},#{admin})    
        </insert>         
        <delete id="delete" parameterType="string" >
            delete from account where name= #{name}  
        </delete>
        <select id="get" parameterType="string" resultType="Account">
            select * from  account where name= #{name}   
        </select>  
        <update id="update" parameterType="Account" >
            update account set password=#{password}, starttime=#{starttime}, endtime=#{endtime} where name=#{name}   
        </update>       
        <select id="list" resultType="Account">
            select * from   account     
        </select>  
    </mapper>