<?xml version="1.0" encoding="UTF-8"?>
<!DOCTYPE mapper
    PUBLIC "-//mybatis.org//DTD Mapper 3.0//EN"
    "http://mybatis.org/dtd/mybatis-3-mapper.dtd">
  
    <mapper namespace="com.how2java.springboot.mapper.GoodsMapper">
        <insert id="add" parameterType="Goods" >
            insert into goods ( goodsId,statDate,goodsName,goodsFavCnt,goodsUv,goodsPv,payOrdrCnt,goodsVcr,payOrdrGoodsQty,payOrdrUsrCnt,payOrdrAmt,cfmOrdrCnt,cfmOrdrGoodsQty,isNewstyle ) values (#{goodsId},#{statDate},#{goodsName},#{goodsFavCnt},#{goodsUv},#{goodsPv},#{payOrdrCnt},#{goodsVcr},#{payOrdrGoodsQty},#{payOrdrUsrCnt},#{payOrdrAmt},#{cfmOrdrCnt},#{cfmOrdrGoodsQty},#{isNewstyle})    
        </insert>
         
        <delete id="delete" parameterType="int" >
            delete from goods where id= #{id}  
        </delete>
         
        <select id="get" parameterType="int" resultType="Goods">
            select * from   goods  where id= #{id}   
        </select>
 
        <select id="list" resultType="Goods">
            select * from   goods     
        </select>  
    </mapper>